Statistic,Value,p-value
Chi-square,25.029540686056862,5.64586519966152e-07
Chi-square (Yates),24.444528788373933,7.648039363048269e-07
Fisher p-value,5.021415957065394e-07,5.021415957065394e-07
Phi,0.0336771330464558,
